{
    "accuracy": 0.9952931947440674,
    "precision": 0.9625,
    "recall": 0.7857142857142857,
    "f1_score": 0.8651685393258427,
    "roc_auc": 0.9667750123444699
}
